data size,Ours,ResNet-50,ResNet-101,ResNext-50,ResNext-101
50.0,0.701171875,0.6640625,0.66796875,0.67578125,0.65625
60.0,0.708984375,0.66796875,0.662109375,0.68359375,0.677734375
72.0,0.73828125,0.677734375,0.658203125,0.705078125,0.705078125
80.0,0.740234375,0.68359375,0.68359375,0.708984375,0.697265625
90.0,0.736328125,0.697265625,0.697265625,0.71875,0.71484375
100.0,0.75,0.689453125,0.69921875,0.7109375,0.712890625
